{
    "5_o_Clock_Shadow": {
        "accuracy": 0.9261096082556858,
        "precision": 0.8914027149321267,
        "recall": 0.29638916750250754,
        "f1": 0.4448626270229582,
        "avg_confidence": 0.15869140625
    },
    "Arched_Eyebrows": {
        "accuracy": 0.7583408476104598,
        "precision": 0.835691823899371,
        "recall": 0.1872138076787601,
        "f1": 0.30589928057553956,
        "avg_confidence": 0.27978515625
    },
    "Attractive": {
        "accuracy": 0.784941388638413,
        "precision": 0.897686958989641,
        "recall": 0.6391190139422106,
        "f1": 0.746650929477722,
        "avg_confidence": 0.4189453125
    },
    "Bags_Under_Eyes": {
        "accuracy": 0.8077847911030959,
        "precision": 0.7666666666666667,
        "recall": 0.07391841779975278,
        "f1": 0.13483652762119505,
        "avg_confidence": 0.250732421875
    },
    "Bald": {
        "accuracy": 0.9852720168319807,
        "precision": 0.856353591160221,
        "recall": 0.3664302600472813,
        "f1": 0.5132450331125827,
        "avg_confidence": 0.0762939453125
    },
    "Bangs": {
        "accuracy": 0.9458471095080653,
        "precision": 0.9337040205303678,
        "recall": 0.7021550337729173,
        "f1": 0.8015421332843767,
        "avg_confidence": 0.213134765625
    },
    "Big_Lips": {
        "accuracy": 0.6841498847810841,
        "precision": 0.9272030651340997,
        "recall": 0.03707107843137255,
        "f1": 0.07129179555162764,
        "avg_confidence": 0.2958984375
    },
    "Big_Nose": {
        "accuracy": 0.823164011622082,
        "precision": 0.8150807899461401,
        "recall": 0.21455576559546313,
        "f1": 0.3396932285821175,
        "avg_confidence": 0.26708984375
    },
    "Black_Hair": {
        "accuracy": 0.8576294960424807,
        "precision": 0.9210182767624021,
        "recall": 0.5204721504979712,
        "f1": 0.665095451331605,
        "avg_confidence": 0.270263671875
    },
    "Blond_Hair": {
        "accuracy": 0.9461476805931269,
        "precision": 0.911261027503892,
        "recall": 0.6601503759398496,
        "f1": 0.7656420318290822,
        "avg_confidence": 0.183349609375
    },
    "Blurry": {
        "accuracy": 0.9541629095281033,
        "precision": 0.7844311377245509,
        "recall": 0.1297029702970297,
        "f1": 0.22259983007646558,
        "avg_confidence": 0.130615234375
    },
    "Brown_Hair": {
        "accuracy": 0.8674481514878268,
        "precision": 0.8519072550486163,
        "recall": 0.3175355450236967,
        "f1": 0.4626320064987815,
        "avg_confidence": 0.25830078125
    },
    "Bushy_Eyebrows": {
        "accuracy": 0.8946999298667468,
        "precision": 0.9033333333333333,
        "recall": 0.20959010054137664,
        "f1": 0.34023854362837413,
        "avg_confidence": 0.22119140625
    },
    "Chubby": {
        "accuracy": 0.9499048191563971,
        "precision": 0.7377049180327869,
        "recall": 0.08506616257088846,
        "f1": 0.15254237288135594,
        "avg_confidence": 0.13623046875
    },
    "Double_Chin": {
        "accuracy": 0.9570684300170323,
        "precision": 0.7692307692307693,
        "recall": 0.08762322015334063,
        "f1": 0.15732546705998032,
        "avg_confidence": 0.12353515625
    },
    "Eyeglasses": {
        "accuracy": 0.992435627692616,
        "precision": 0.9805743243243243,
        "recall": 0.9006982156710628,
        "f1": 0.9389405580266882,
        "avg_confidence": 0.125
    },
    "Goatee": {
        "accuracy": 0.9653341348562269,
        "precision": 0.7045871559633028,
        "recall": 0.419672131147541,
        "f1": 0.5260273972602739,
        "avg_confidence": 0.10931396484375
    },
    "Gray_Hair": {
        "accuracy": 0.9760044083759143,
        "precision": 0.7896678966789668,
        "recall": 0.33647798742138363,
        "f1": 0.4718853362734289,
        "avg_confidence": 0.0943603515625
    },
    "Heavy_Makeup": {
        "accuracy": 0.8980563069832682,
        "precision": 0.9312704976472266,
        "recall": 0.8078921326076199,
        "f1": 0.8652050076174075,
        "avg_confidence": 0.36181640625
    },
    "High_Cheekbones": {
        "accuracy": 0.8450055104698928,
        "precision": 0.9569907537125245,
        "recall": 0.7102308172177167,
        "f1": 0.8153497254714729,
        "avg_confidence": 0.41796875
    },
    "Male": {
        "accuracy": 0.9657849914838192,
        "precision": 0.9819078947368421,
        "recall": 0.9285806869734284,
        "f1": 0.9545000333089068,
        "avg_confidence": 0.3642578125
    },
    "Mouth_Slightly_Open": {
        "accuracy": 0.8965534515579602,
        "precision": 0.9853488949590266,
        "recall": 0.8029950419912982,
        "f1": 0.8848748397167865,
        "avg_confidence": 0.4248046875
    },
    "Mustache": {
        "accuracy": 0.961526901112113,
        "precision": 1.0,
        "recall": 0.0051813471502590676,
        "f1": 0.010309278350515464,
        "avg_confidence": 0.10369873046875
    },
    "Narrow_Eyes": {
        "accuracy": 0.85191864542631,
        "precision": 0.9285714285714286,
        "recall": 0.004380053908355795,
        "f1": 0.008718980549966466,
        "avg_confidence": 0.2222900390625
    },
    "No_Beard": {
        "accuracy": 0.9504057709648331,
        "precision": 0.9834929815049099,
        "recall": 0.95798368640338,
        "f1": 0.9705707491082045,
        "avg_confidence": 0.7333984375
    },
    "Oval_Face": {
        "accuracy": 0.7195170824566677,
        "precision": 0.8544600938967136,
        "recall": 0.06168446026097272,
        "f1": 0.11506243085190454,
        "avg_confidence": 0.32470703125
    },
    "Pale_Skin": {
        "accuracy": 0.9597234746017433,
        "precision": 0.7647058823529411,
        "recall": 0.06190476190476191,
        "f1": 0.1145374449339207,
        "avg_confidence": 0.14208984375
    },
    "Pointy_Nose": {
        "accuracy": 0.7214707945095682,
        "precision": 0.8673469387755102,
        "recall": 0.029803646563814866,
        "f1": 0.0576271186440678,
        "avg_confidence": 0.31201171875
    },
    "Receding_Hairline": {
        "accuracy": 0.9160905720869652,
        "precision": 0.6233766233766234,
        "recall": 0.02833530106257379,
        "f1": 0.05420666290231508,
        "avg_confidence": 0.1573486328125
    },
    "Rosy_Cheeks": {
        "accuracy": 0.9337240757439135,
        "precision": 0.8224852071005917,
        "recall": 0.09706703910614525,
        "f1": 0.1736414740787008,
        "avg_confidence": 0.1396484375
    },
    "Sideburns": {
        "accuracy": 0.9672377517282837,
        "precision": 0.8349753694581281,
        "recall": 0.36609071274298055,
        "f1": 0.509009009009009,
        "avg_confidence": 0.0946044921875
    },
    "Smiling": {
        "accuracy": 0.8900410780482918,
        "precision": 0.9811064460360582,
        "recall": 0.7955341944527886,
        "f1": 0.8786286978158695,
        "avg_confidence": 0.43115234375
    },
    "Straight_Hair": {
        "accuracy": 0.8024246067528303,
        "precision": 0.861764705882353,
        "recall": 0.06992840095465394,
        "f1": 0.1293598233995585,
        "avg_confidence": 0.253173828125
    },
    "Wavy_Hair": {
        "accuracy": 0.7965133754132853,
        "precision": 0.9360544217687075,
        "recall": 0.47337278106508873,
        "f1": 0.6287698775360995,
        "avg_confidence": 0.325927734375
    },
    "Wearing_Earrings": {
        "accuracy": 0.8527201683198077,
        "precision": 0.9169598874032372,
        "recall": 0.31587878787878787,
        "f1": 0.4698882077172737,
        "avg_confidence": 0.2354736328125
    },
    "Wearing_Hat": {
        "accuracy": 0.9856727782787296,
        "precision": 0.9327073552425665,
        "recall": 0.7103694874851013,
        "f1": 0.8064952638700947,
        "avg_confidence": 0.1026611328125
    },