{
    "5_o_Clock_Shadow": {
        "accuracy": 0.9328724576695722,
        "precision": 0.7182910547396528,
        "recall": 0.5396188565697091,
        "f1": 0.6162657502863689,
        "avg_confidence": 0.08013916015625
    },
    "Arched_Eyebrows": {
        "accuracy": 0.7965133754132853,
        "precision": 0.6249613362202289,
        "recall": 0.7116942585417401,
        "f1": 0.6655138339920948,
        "avg_confidence": 0.32568359375
    },
    "Attractive": {
        "accuracy": 0.7324416391143173,
        "precision": 0.8308407143894294,
        "recall": 0.578096585168721,
        "f1": 0.6817992254989574,
        "avg_confidence": 0.35546875
    },
    "Bags_Under_Eyes": {
        "accuracy": 0.8272217212704138,
        "precision": 0.5783385909568874,
        "recall": 0.5438813349814586,
        "f1": 0.5605809657281182,
        "avg_confidence": 0.2030029296875
    },
    "Bald": {
        "accuracy": 0.9870754433423504,
        "precision": 0.8451882845188284,
        "recall": 0.47754137115839246,
        "f1": 0.6102719033232629,
        "avg_confidence": 0.01312255859375
    },
    "Bangs": {
        "accuracy": 0.9487526299969943,
        "precision": 0.8611495844875346,
        "recall": 0.7999356706336442,
        "f1": 0.8294147073536768,
        "avg_confidence": 0.1461181640625
    },
    "Big_Lips": {
        "accuracy": 0.6756337040376715,
        "precision": 0.5048561480667033,
        "recall": 0.42202818627450983,
        "f1": 0.459741343345849,
        "avg_confidence": 0.30712890625
    },
    "Big_Nose": {
        "accuracy": 0.7254283137962128,
        "precision": 0.421238491613066,
        "recall": 0.7892249527410208,
        "f1": 0.5492969328180248,
        "avg_confidence": 0.40283203125
    },
    "Black_Hair": {
        "accuracy": 0.7722673078849814,
        "precision": 0.5477228154281979,
        "recall": 0.9271486536333456,
        "f1": 0.6886301369863014,
        "avg_confidence": 0.45654296875
    },
    "Blond_Hair": {
        "accuracy": 0.9368299769562168,
        "precision": 0.8985754985754986,
        "recall": 0.5928571428571429,
        "f1": 0.7143827859569649,
        "avg_confidence": 0.08819580078125
    },
    "Blurry": {
        "accuracy": 0.9512072938583308,
        "precision": 0.5191897654584222,
        "recall": 0.48217821782178216,
        "f1": 0.5,
        "avg_confidence": 0.053253173828125
    },
    "Brown_Hair": {
        "accuracy": 0.8405971345556558,
        "precision": 0.7002967359050445,
        "recall": 0.19737942570393086,
        "f1": 0.30795998260113094,
        "avg_confidence": 0.060333251953125
    },
    "Bushy_Eyebrows": {
        "accuracy": 0.8985071636108606,
        "precision": 0.6059803179409539,
        "recall": 0.6191028615622584,
        "f1": 0.6124713083397093,
        "avg_confidence": 0.140380859375
    },
    "Chubby": {
        "accuracy": 0.9437932070934776,
        "precision": 0.47106690777576854,
        "recall": 0.4924385633270321,
        "f1": 0.48151571164510165,
        "avg_confidence": 0.06890869140625
    },
    "Double_Chin": {
        "accuracy": 0.9570183348361888,
        "precision": 0.5360419397116645,
        "recall": 0.447973713033954,
        "f1": 0.4880668257756563,
        "avg_confidence": 0.0499267578125
    },
    "Eyeglasses": {
        "accuracy": 0.9907323915439334,
        "precision": 0.9423076923076923,
        "recall": 0.9123351435221102,
        "f1": 0.9270792274339772,
        "avg_confidence": 0.06396484375
    },
    "Goatee": {
        "accuracy": 0.9593227131549945,
        "precision": 0.5374545454545454,
        "recall": 0.8076502732240437,
        "f1": 0.645414847161572,
        "avg_confidence": 0.06988525390625
    },
    "Gray_Hair": {
        "accuracy": 0.9793607854924357,
        "precision": 0.7592592592592593,
        "recall": 0.5157232704402516,
        "f1": 0.6142322097378277,
        "avg_confidence": 0.0229034423828125
    },
    "Heavy_Makeup": {
        "accuracy": 0.8714056707744715,
        "precision": 0.835461510397665,
        "recall": 0.8498268184067294,
        "f1": 0.8425829398417858,
        "avg_confidence": 0.409423828125
    },
    "High_Cheekbones": {
        "accuracy": 0.8505159803626892,
        "precision": 0.8648262208534976,
        "recall": 0.8175296319401123,
        "f1": 0.8405130946018172,
        "avg_confidence": 0.4609375
    },
    "Male": {
        "accuracy": 0.9553651938683498,
        "precision": 0.9111834176910099,
        "recall": 0.9800388852883992,
        "f1": 0.944357709361144,
        "avg_confidence": 0.418212890625
    },
    "Mouth_Slightly_Open": {
        "accuracy": 0.9107303877366997,
        "precision": 0.9353036002149382,
        "recall": 0.8806030557523019,
        "f1": 0.9071294559099438,
        "avg_confidence": 0.465576171875
    },
    "Mustache": {
        "accuracy": 0.958621380623184,
        "precision": 0.47193347193347196,
        "recall": 0.5880829015544041,
        "f1": 0.5236447520184544,
        "avg_confidence": 0.050750732421875
    },
    "Narrow_Eyes": {
        "accuracy": 0.8534715960324617,
        "precision": 0.5187445510026155,
        "recall": 0.20047169811320756,
        "f1": 0.2891859052247874,
        "avg_confidence": 0.08453369140625
    },
    "No_Beard": {
        "accuracy": 0.9334235046588518,
        "precision": 0.9831488314883149,
        "recall": 0.9380904876474385,
        "f1": 0.9600912885498935,
        "avg_confidence": 0.810546875
    },
    "Oval_Face": {
        "accuracy": 0.7219717463180042,
        "precision": 0.6679425837320574,
        "recall": 0.11828503643450262,
        "f1": 0.20097898070832135,
        "avg_confidence": 0.08917236328125
    },
    "Pale_Skin": {
        "accuracy": 0.9459472998697526,
        "precision": 0.41809458533241944,
        "recall": 0.7261904761904762,
        "f1": 0.5306655067420618,
        "avg_confidence": 0.07977294921875
    },
    "Pointy_Nose": {
        "accuracy": 0.742560865644725,
        "precision": 0.5636117991443369,
        "recall": 0.4388148667601683,
        "f1": 0.49344504682109414,
        "avg_confidence": 0.260498046875
    },
    "Receding_Hairline": {
        "accuracy": 0.9268109407874963,
        "precision": 0.585598824393828,
        "recall": 0.4704840613931523,
        "f1": 0.5217675941080197,
        "avg_confidence": 0.07696533203125
    },
    "Rosy_Cheeks": {
        "accuracy": 0.8883378418996093,
        "precision": 0.3812220566318927,
        "recall": 0.8931564245810056,
        "f1": 0.5343639022352203,
        "avg_confidence": 0.1728515625
    },
    "Sideburns": {
        "accuracy": 0.9627792806332031,
        "precision": 0.5680297397769517,
        "recall": 0.8250539956803455,
        "f1": 0.6728313518273888,
        "avg_confidence": 0.069580078125
    },
    "Smiling": {
        "accuracy": 0.9027652539825669,
        "precision": 0.9194994786235662,
        "recall": 0.8829478321818364,
        "f1": 0.9008530418348062,
        "avg_confidence": 0.483154296875
    },
    "Straight_Hair": {
        "accuracy": 0.8157499248572287,
        "precision": 0.6624365482233503,
        "recall": 0.24916467780429594,
        "f1": 0.36212278876170656,
        "avg_confidence": 0.09442138671875
    },
    "Wavy_Hair": {
        "accuracy": 0.786193768159503,
        "precision": 0.7166594422771276,
        "recall": 0.6825374982798954,
        "f1": 0.6991824076684522,
        "avg_confidence": 0.3564453125
    },
    "Wearing_Earrings": {
        "accuracy": 0.8466085562568881,
        "precision": 0.6018394328415405,
        "recall": 0.7614545454545455,
        "f1": 0.6723030821917808,
        "avg_confidence": 0.26708984375
    },
    "Wearing_Hat": {
        "accuracy": 0.9636308987075444,
        "precision": 0.5398167723749119,
        "recall": 0.9129916567342073,
        "f1": 0.6784765279007972,
        "avg_confidence": 0.07781982421875
    },