epoch,train_loss,val_loss,epoch_time,learning_rate,avg_batch_loss
0,0.033680114861784995,0.021685965023274967,1573.2862269878387,8.400855806953964e-05,0.033680114861784995
1,0.0237759019947366,0.022088231155933773,1487.0337481498718,0.0002280171151218493,0.0237759019947366
2,0.023636847856015712,0.02189336325403381,1507.5000240802765,0.0002999999994162327,0.023636847856015712
3,0.02340413462345003,0.023009885270478453,1551.4305930137634,0.00028513964721291196,0.02340413462345003
4,0.023114390396268635,0.022114372771719227,1573.904179096222,0.00024351334933742503,0.023114390396268635
5,0.022817044877173485,0.02171164860232057,1591.1881589889526,0.00018336570459705304,0.022817044877173485
